,Source,Target,Weight,Type
1,Bird_Calavar,BrownCharlesBrockden_Wieland,2,undirected
2,Bird_Calavar,Cooper_LastMohicans_1,7,undirected
3,Bird_Calavar,Poe_HopFrog_1849,1,undirected
4,Bird_Calavar,Scott_ChroniclesOftheCanongate1,21,undirected
5,Bird_Calavar,Scott_TheAbbot1,33,undirected
6,Bird_Calavar,Scott_Woodstock1,36,undirected
7,Bird_SheppardLee1,BrownCharlesBrockden_Wieland,1,undirected
8,Bird_SheppardLee1,Doyle_AdventureOfTheCardboardBox,10,undirected
9,Bird_SheppardLee1,Doyle_SherlockHolmes_1,4,undirected
10,Bird_SheppardLee1,Doyle_SignOfTheFour,12,undirected
11,Bird_SheppardLee1,Edgeworth_Helen,8,undirected
12,Bird_SheppardLee1,HenryWP_ThePirate,2,undirected
13,Bird_SheppardLee1,Irving_BracebridgeHall1,16,undirected
14,Bird_SheppardLee1,Melville_MobyDick_1,30,undirected
15,Bird_SheppardLee1,Poe_FactsOfTheCaseOfMValdemar_1845,1,undirected
16,Bird_SheppardLee1,Scott_ChroniclesOftheCanongate1,2,undirected
17,Bird_SheppardLee1,Scott_Woodstock1,2,undirected
18,BrownCharlesBrockden_EdgarHuntley,BrownCharlesBrockden_Wieland,60,undirected
19,BrownCharlesBrockden_EdgarHuntley,Cooper_LastMohicans_1,2,undirected
20,BrownCharlesBrockden_EdgarHuntley,HenryWP_AFragment,1,undirected
21,BrownCharlesBrockden_EdgarHuntley,HenryWP_MonteVideo,1,undirected
22,BrownCharlesBrockden_EdgarHuntley,HenryWP_ThePirate,29,undirected
23,BrownCharlesBrockden_EdgarHuntley,Irving_BracebridgeHall1,4,undirected
24,BrownCharlesBrockden_EdgarHuntley,Poe_CaskOfAmontillado,5,undirected
25,BrownCharlesBrockden_EdgarHuntley,Poe_FactsOfTheCaseOfMValdemar_1845,25,undirected
26,BrownCharlesBrockden_EdgarHuntley,Poe_FallOfHouseUsher,4,undirected
27,BrownCharlesBrockden_EdgarHuntley,Poe_HopFrog_1849,2,undirected
28,BrownCharlesBrockden_EdgarHuntley,Poe_KingPest_1835,1,undirected
29,BrownCharlesBrockden_EdgarHuntley,Poe_TheSphinx_1846,12,undirected
30,BrownCharlesBrockden_EdgarHuntley,Quincey_Klosterheim_1,16,undirected
31,BrownCharlesBrockden_EdgarHuntley,Quincey_Klosterheim_2,30,undirected
32,BrownCharlesBrockden_EdgarHuntley,Scott_TheAbbot1,9,undirected
33,BrownCharlesBrockden_Wieland,Bird_Calavar,2,undirected
34,BrownCharlesBrockden_Wieland,Bird_SheppardLee1,1,undirected
35,BrownCharlesBrockden_Wieland,BrownCharlesBrockden_EdgarHuntley,60,undirected
36,BrownCharlesBrockden_Wieland,Cooper_LastMohicans_1,2,undirected
37,BrownCharlesBrockden_Wieland,HenryWP_AFragment,8,undirected
38,BrownCharlesBrockden_Wieland,HenryWP_ThePirate,20,undirected
39,BrownCharlesBrockden_Wieland,Irving_BracebridgeHall1,3,undirected
40,BrownCharlesBrockden_Wieland,Irving_SketchBookOfGeoffreyCrayon_1,2,undirected
41,BrownCharlesBrockden_Wieland,Poe_CaskOfAmontillado,1,undirected
42,BrownCharlesBrockden_Wieland,Poe_FactsOfTheCaseOfMValdemar_1845,12,undirected
43,BrownCharlesBrockden_Wieland,Poe_FallOfHouseUsher,1,undirected
44,BrownCharlesBrockden_Wieland,Poe_Ligeia_1838,1,undirected
45,BrownCharlesBrockden_Wieland,Scott_TheAbbot1,19,undirected
46,BrownCharlesBrockden_Wieland,Scott_Woodstock1,1,undirected
47,Cooper_LastMohicans_1,Bird_Calavar,7,undirected
48,Cooper_LastMohicans_1,BrownCharlesBrockden_EdgarHuntley,2,undirected
49,Cooper_LastMohicans_1,BrownCharlesBrockden_Wieland,2,undirected
50,Cooper_LastMohicans_1,Cooper_TheBravo1,32,undirected
51,Cooper_LastMohicans_1,HenryWP_MonteVideo,2,undirected
52,Cooper_LastMohicans_1,HenryWP_Recollections,1,undirected
53,Cooper_LastMohicans_1,Irving_SketchBookOfGeoffreyCrayon_1,26,undirected
54,Cooper_LastMohicans_1,Lippard_BelOfPrairieEden,13,undirected
55,Cooper_LastMohicans_1,Lippard_QuakerCity,12,undirected
56,Cooper_LastMohicans_1,Poe_Assignation_1834,2,undirected
57,Cooper_LastMohicans_1,Poe_CaskOfAmontillado,9,undirected
58,Cooper_LastMohicans_1,Poe_HopFrog_1849,9,undirected
59,Cooper_LastMohicans_1,Poe_KingPest_1835,12,undirected
60,Cooper_LastMohicans_1,Poe_Metzengerstein_1832,9,undirected
61,Cooper_LastMohicans_1,Quincey_Klosterheim_2,1,undirected
62,Cooper_LastMohicans_1,Scott_TheAbbot1,18,undirected
63,Cooper_TheBravo1,Cooper_LastMohicans_1,32,undirected
64,Cooper_TheBravo1,Scott_ChroniclesOftheCanongate1,16,undirected
65,Cooper_TheBravo1,Scott_TheAbbot1,13,undirected
66,Cooper_TheBravo1,Scott_Woodstock1,18,undirected
67,Doyle_AdventureOfTheCardboardBox,Bird_SheppardLee1,10,undirected
68,Doyle_AdventureOfTheCardboardBox,Doyle_SherlockHolmes_1,45,undirected
69,Doyle_AdventureOfTheCardboardBox,Doyle_SignOfTheFour,38,undirected
70,Doyle_SherlockHolmes_1,Bird_SheppardLee1,4,undirected
71,Doyle_SherlockHolmes_1,Doyle_AdventureOfTheCardboardBox,45,undirected
72,Doyle_SherlockHolmes_1,Doyle_SignOfTheFour,60,undirected
73,Doyle_SherlockHolmes_1,Edgeworth_HarryandLucy1,12,undirected
74,Doyle_SherlockHolmes_1,Edgeworth_Helen,10,undirected
75,Doyle_SherlockHolmes_1,Melville_MobyDick_1,8,undirected
76,Doyle_SherlockHolmes_1,Poe_CaskOfAmontillado,3,undirected
77,Doyle_SignOfTheFour,Bird_SheppardLee1,12,undirected
78,Doyle_SignOfTheFour,Doyle_AdventureOfTheCardboardBox,38,undirected
79,Doyle_SignOfTheFour,Doyle_SherlockHolmes_1,60,undirected
80,Doyle_SignOfTheFour,Edgeworth_HarryandLucy1,16,undirected
81,Doyle_SignOfTheFour,Edgeworth_Helen,11,undirected
82,Doyle_SignOfTheFour,HenryWP_AFragment,1,undirected
83,Doyle_SignOfTheFour,Melville_MobyDick_1,15,undirected
84,Doyle_SignOfTheFour,Poe_CaskOfAmontillado,5,undirected
85,Edgeworth_HarryandLucy1,Doyle_SherlockHolmes_1,12,undirected
86,Edgeworth_HarryandLucy1,Doyle_SignOfTheFour,16,undirected
87,Edgeworth_HarryandLucy1,Edgeworth_Helen,59,undirected
88,Edgeworth_HarryandLucy1,Melville_MobyDick_1,2,undirected
89,Edgeworth_Helen,Bird_SheppardLee1,8,undirected
90,Edgeworth_Helen,Doyle_SherlockHolmes_1,10,undirected
91,Edgeworth_Helen,Doyle_SignOfTheFour,11,undirected
92,Edgeworth_Helen,Edgeworth_HarryandLucy1,59,undirected
93,Edgeworth_Helen,Scott_TheAbbot1,2,undirected
94,HenryWP_AFragment,BrownCharlesBrockden_EdgarHuntley,1,undirected
95,HenryWP_AFragment,BrownCharlesBrockden_Wieland,8,undirected
96,HenryWP_AFragment,Doyle_SignOfTheFour,1,undirected
97,HenryWP_AFragment,HenryWP_MonteVideo,25,undirected
98,HenryWP_AFragment,HenryWP_ThePirate,4,undirected
99,HenryWP_AFragment,Poe_Berenice_1835,10,undirected
100,HenryWP_AFragment,Poe_CaskOfAmontillado,1,undirected
101,HenryWP_AFragment,Poe_FactsOfTheCaseOfMValdemar_1845,3,undirected
102,HenryWP_AFragment,Poe_FallOfHouseUsher,1,undirected
103,HenryWP_AFragment,Poe_Ligeia_1838,3,undirected
104,HenryWP_AFragment,Poe_Raven,3,undirected
105,HenryWP_MonteVideo,BrownCharlesBrockden_EdgarHuntley,1,undirected
106,HenryWP_MonteVideo,Cooper_LastMohicans_1,2,undirected
107,HenryWP_MonteVideo,HenryWP_AFragment,25,undirected
108,HenryWP_MonteVideo,HenryWP_Recollections,21,undirected
109,HenryWP_MonteVideo,Irving_SketchBookOfGeoffreyCrayon_1,24,undirected
110,HenryWP_MonteVideo,Poe_Berenice_1835,6,undirected
111,HenryWP_MonteVideo,Poe_CaskOfAmontillado,2,undirected
112,HenryWP_MonteVideo,Poe_FallOfHouseUsher,9,undirected
113,HenryWP_MonteVideo,Poe_Ligeia_1838,2,undirected
114,HenryWP_MonteVideo,Quincey_Klosterheim_2,9,undirected
115,HenryWP_Recollections,Cooper_LastMohicans_1,1,undirected
116,HenryWP_Recollections,HenryWP_MonteVideo,21,undirected
117,HenryWP_Recollections,HenryWP_ThePirate,1,undirected
118,HenryWP_Recollections,Irving_BracebridgeHall1,7,undirected
119,HenryWP_Recollections,Irving_SketchBookOfGeoffreyCrayon_1,5,undirected
120,HenryWP_Recollections,Poe_FallOfHouseUsher,8,undirected
121,HenryWP_Recollections,Poe_Ligeia_1838,2,undirected
122,HenryWP_Recollections,Poe_MaskOfTheRedDeath,1,undirected
123,HenryWP_Recollections,Quincey_Klosterheim_1,3,undirected
124,HenryWP_Recollections,Quincey_Klosterheim_2,16,undirected
125,HenryWP_ThePirate,Bird_SheppardLee1,2,undirected
126,HenryWP_ThePirate,BrownCharlesBrockden_EdgarHuntley,29,undirected
127,HenryWP_ThePirate,BrownCharlesBrockden_Wieland,20,undirected
128,HenryWP_ThePirate,HenryWP_AFragment,4,undirected
129,HenryWP_ThePirate,HenryWP_Recollections,1,undirected
130,HenryWP_ThePirate,Irving_BracebridgeHall1,3,undirected
131,HenryWP_ThePirate,Irving_SketchBookOfGeoffreyCrayon_1,4,undirected
132,HenryWP_ThePirate,Quincey_Klosterheim_2,2,undirected
133,Irving_BracebridgeHall1,Bird_SheppardLee1,16,undirected
134,Irving_BracebridgeHall1,BrownCharlesBrockden_EdgarHuntley,4,undirected
135,Irving_BracebridgeHall1,BrownCharlesBrockden_Wieland,3,undirected
136,Irving_BracebridgeHall1,HenryWP_Recollections,7,undirected
137,Irving_BracebridgeHall1,HenryWP_ThePirate,3,undirected
138,Irving_BracebridgeHall1,Irving_SketchBookOfGeoffreyCrayon_1,60,undirected
139,Irving_BracebridgeHall1,Lippard_BelOfPrairieEden,2,undirected
140,Irving_BracebridgeHall1,Lippard_QuakerCity,14,undirected
141,Irving_BracebridgeHall1,Poe_HopFrog_1849,26,undirected
142,Irving_BracebridgeHall1,Poe_TheManOfTheCrowd_1840,1,undirected
143,Irving_BracebridgeHall1,Quincey_Klosterheim_1,14,undirected
144,Irving_BracebridgeHall1,Quincey_Klosterheim_2,13,undirected
145,Irving_BracebridgeHall1,Scott_ChroniclesOftheCanongate1,1,undirected
146,Irving_BracebridgeHall1,Scott_TheAbbot1,12,undirected
147,Irving_BracebridgeHall1,Scott_Woodstock1,12,undirected
148,Irving_SketchBookOfGeoffreyCrayon_1,BrownCharlesBrockden_Wieland,2,undirected
149,Irving_SketchBookOfGeoffreyCrayon_1,Cooper_LastMohicans_1,26,undirected
150,Irving_SketchBookOfGeoffreyCrayon_1,HenryWP_MonteVideo,24,undirected
151,Irving_SketchBookOfGeoffreyCrayon_1,HenryWP_Recollections,5,undirected
152,Irving_SketchBookOfGeoffreyCrayon_1,HenryWP_ThePirate,4,undirected
153,Irving_SketchBookOfGeoffreyCrayon_1,Irving_BracebridgeHall1,60,undirected
154,Irving_SketchBookOfGeoffreyCrayon_1,Lippard_BelOfPrairieEden,15,undirected
155,Irving_SketchBookOfGeoffreyCrayon_1,Lippard_QuakerCity,2,undirected
156,Irving_SketchBookOfGeoffreyCrayon_1,Melville_MobyDick_1,1,undirected
157,Irving_SketchBookOfGeoffreyCrayon_1,Melville_MobyDick_2,15,undirected
158,Irving_SketchBookOfGeoffreyCrayon_1,Melville_MobyDick_3,3,undirected
159,Irving_SketchBookOfGeoffreyCrayon_1,Poe_Assignation_1834,10,undirected
160,Irving_SketchBookOfGeoffreyCrayon_1,Poe_Berenice_1835,1,undirected
161,Irving_SketchBookOfGeoffreyCrayon_1,Poe_CaskOfAmontillado,2,undirected
162,Irving_SketchBookOfGeoffreyCrayon_1,Poe_FallOfHouseUsher,12,undirected
163,Irving_SketchBookOfGeoffreyCrayon_1,Poe_HopFrog_1849,20,undirected
164,Irving_SketchBookOfGeoffreyCrayon_1,Poe_KingPest_1835,21,undirected
165,Irving_SketchBookOfGeoffreyCrayon_1,Poe_Ligeia_1838,5,undirected
166,Irving_SketchBookOfGeoffreyCrayon_1,Poe_Metzengerstein_1832,7,undirected
167,Irving_SketchBookOfGeoffreyCrayon_1,Poe_TheManOfTheCrowd_1840,17,undirected
168,Irving_SketchBookOfGeoffreyCrayon_1,Quincey_Klosterheim_2,2,undirected
169,Irving_SketchBookOfGeoffreyCrayon_1,Scott_TheAbbot1,1,undirected
170,Lippard_BelOfPrairieEden,Cooper_LastMohicans_1,13,undirected
171,Lippard_BelOfPrairieEden,Irving_BracebridgeHall1,2,undirected
172,Lippard_BelOfPrairieEden,Irving_SketchBookOfGeoffreyCrayon_1,15,undirected
173,Lippard_BelOfPrairieEden,Lippard_QuakerCity,60,undirected
174,Lippard_BelOfPrairieEden,UNKNOWN_ADream_1831,2,undirected
175,Lippard_QuakerCity,Cooper_LastMohicans_1,12,undirected
176,Lippard_QuakerCity,Irving_BracebridgeHall1,14,undirected
177,Lippard_QuakerCity,Irving_SketchBookOfGeoffreyCrayon_1,2,undirected
178,Lippard_QuakerCity,Lippard_BelOfPrairieEden,60,undirected
179,Lippard_QuakerCity,Melville_MobyDick_4,2,undirected
180,Melville_MobyDick_1,Bird_SheppardLee1,30,undirected
181,Melville_MobyDick_1,Doyle_SherlockHolmes_1,8,undirected
182,Melville_MobyDick_1,Doyle_SignOfTheFour,15,undirected
183,Melville_MobyDick_1,Edgeworth_HarryandLucy1,2,undirected
184,Melville_MobyDick_1,Irving_SketchBookOfGeoffreyCrayon_1,1,undirected
185,Melville_MobyDick_1,Melville_MobyDick_2,38,undirected
186,Melville_MobyDick_1,Melville_MobyDick_3,22,undirected
187,Melville_MobyDick_1,Melville_MobyDick_4,34,undirected
188,Melville_MobyDick_2,Irving_SketchBookOfGeoffreyCrayon_1,15,undirected
189,Melville_MobyDick_2,Melville_MobyDick_1,38,undirected
190,Melville_MobyDick_2,Melville_MobyDick_3,60,undirected
191,Melville_MobyDick_2,Melville_MobyDick_4,49,undirected
192,Melville_MobyDick_2,Poe_HopFrog_1849,1,undirected
193,Melville_MobyDick_3,Irving_SketchBookOfGeoffreyCrayon_1,3,undirected
194,Melville_MobyDick_3,Melville_MobyDick_1,22,undirected
195,Melville_MobyDick_3,Melville_MobyDick_2,60,undirected
196,Melville_MobyDick_3,Melville_MobyDick_4,37,undirected
197,Melville_MobyDick_4,Lippard_QuakerCity,2,undirected
198,Melville_MobyDick_4,Melville_MobyDick_1,34,undirected
199,Melville_MobyDick_4,Melville_MobyDick_2,49,undirected
200,Melville_MobyDick_4,Melville_MobyDick_3,37,undirected
201,Poe_Assignation_1834,Cooper_LastMohicans_1,2,undirected
202,Poe_Assignation_1834,Irving_SketchBookOfGeoffreyCrayon_1,10,undirected
203,Poe_Assignation_1834,Poe_Berenice_1835,2,undirected
204,Poe_Assignation_1834,Poe_CaskOfAmontillado,2,undirected
205,Poe_Assignation_1834,Poe_FallOfHouseUsher,23,undirected
206,Poe_Assignation_1834,Poe_Ligeia_1838,32,undirected
207,Poe_Assignation_1834,Poe_MaskOfTheRedDeath,1,undirected
208,Poe_Assignation_1834,Poe_Morella_1835,3,undirected
209,Poe_Assignation_1834,Poe_Tamerlane_1829,25,undirected
210,Poe_Assignation_1834,Poe_TheOvalPortrait_1842,1,undirected
211,Poe_Assignation_1834,UNKNOWN_ADream_1831,1,undirected
212,Poe_Berenice_1835,HenryWP_AFragment,10,undirected
213,Poe_Berenice_1835,HenryWP_MonteVideo,6,undirected
214,Poe_Berenice_1835,Irving_SketchBookOfGeoffreyCrayon_1,1,undirected
215,Poe_Berenice_1835,Poe_Assignation_1834,2,undirected
216,Poe_Berenice_1835,Poe_FallOfHouseUsher,31,undirected
217,Poe_Berenice_1835,Poe_Ligeia_1838,52,undirected
218,Poe_Berenice_1835,Poe_Metzengerstein_1832,6,undirected
219,Poe_Berenice_1835,Poe_Morella_1835,36,undirected
220,Poe_Berenice_1835,Poe_Raven,12,undirected
221,Poe_Berenice_1835,Poe_ShadowAParable_1835,19,undirected
222,Poe_Berenice_1835,Poe_Tamerlane_1829,10,undirected
223,Poe_Berenice_1835,Poe_TheOvalPortrait_1842,8,undirected
224,Poe_Berenice_1835,Poe_TheSphinx_1846,5,undirected
225,Poe_Berenice_1835,UNKNOWN_ADream_1831,15,undirected
226,Poe_CaskOfAmontillado,BrownCharlesBrockden_EdgarHuntley,5,undirected
227,Poe_CaskOfAmontillado,BrownCharlesBrockden_Wieland,1,undirected
228,Poe_CaskOfAmontillado,Cooper_LastMohicans_1,9,undirected
229,Poe_CaskOfAmontillado,Doyle_SherlockHolmes_1,3,undirected
230,Poe_CaskOfAmontillado,Doyle_SignOfTheFour,5,undirected
231,Poe_CaskOfAmontillado,HenryWP_AFragment,1,undirected
232,Poe_CaskOfAmontillado,HenryWP_MonteVideo,2,undirected
233,Poe_CaskOfAmontillado,Irving_SketchBookOfGeoffreyCrayon_1,2,undirected
234,Poe_CaskOfAmontillado,Poe_Assignation_1834,2,undirected
235,Poe_CaskOfAmontillado,Poe_FallOfHouseUsher,26,undirected
236,Poe_CaskOfAmontillado,Poe_Ligeia_1838,7,undirected
237,Poe_CaskOfAmontillado,Poe_Raven,2,undirected
238,Poe_FactsOfTheCaseOfMValdemar_1845,Bird_SheppardLee1,1,undirected
239,Poe_FactsOfTheCaseOfMValdemar_1845,BrownCharlesBrockden_EdgarHuntley,25,undirected
240,Poe_FactsOfTheCaseOfMValdemar_1845,BrownCharlesBrockden_Wieland,12,undirected
241,Poe_FactsOfTheCaseOfMValdemar_1845,HenryWP_AFragment,3,undirected
242,Poe_FactsOfTheCaseOfMValdemar_1845,Poe_FallOfHouseUsher,10,undirected
243,Poe_FactsOfTheCaseOfMValdemar_1845,Poe_Ligeia_1838,2,undirected
244,Poe_FactsOfTheCaseOfMValdemar_1845,Poe_TheSphinx_1846,4,undirected
245,Poe_FactsOfTheCaseOfMValdemar_1845,Quincey_Klosterheim_1,6,undirected
246,Poe_FactsOfTheCaseOfMValdemar_1845,Quincey_Klosterheim_2,4,undirected
247,Poe_FallOfHouseUsher,BrownCharlesBrockden_EdgarHuntley,4,undirected
248,Poe_FallOfHouseUsher,BrownCharlesBrockden_Wieland,1,undirected
249,Poe_FallOfHouseUsher,HenryWP_AFragment,1,undirected
250,Poe_FallOfHouseUsher,HenryWP_MonteVideo,9,undirected
251,Poe_FallOfHouseUsher,HenryWP_Recollections,8,undirected
252,Poe_FallOfHouseUsher,Irving_SketchBookOfGeoffreyCrayon_1,12,undirected
253,Poe_FallOfHouseUsher,Poe_Assignation_1834,23,undirected
254,Poe_FallOfHouseUsher,Poe_Berenice_1835,31,undirected
255,Poe_FallOfHouseUsher,Poe_CaskOfAmontillado,26,undirected
256,Poe_FallOfHouseUsher,Poe_FactsOfTheCaseOfMValdemar_1845,10,undirected
257,Poe_FallOfHouseUsher,Poe_KingPest_1835,14,undirected
258,Poe_FallOfHouseUsher,Poe_Ligeia_1838,57,undirected
259,Poe_FallOfHouseUsher,Poe_MaskOfTheRedDeath,20,undirected
260,Poe_FallOfHouseUsher,Poe_Metzengerstein_1832,29,undirected
261,Poe_FallOfHouseUsher,Poe_Morella_1835,7,undirected
262,Poe_FallOfHouseUsher,Poe_Raven,13,undirected
263,Poe_FallOfHouseUsher,Poe_ShadowAParable_1835,5,undirected
264,Poe_FallOfHouseUsher,Poe_TheManOfTheCrowd_1840,30,undirected
265,Poe_FallOfHouseUsher,Poe_TheOvalPortrait_1842,23,undirected
266,Poe_FallOfHouseUsher,Poe_TheSphinx_1846,30,undirected
267,Poe_FallOfHouseUsher,UNKNOWN_ADream_1831,19,undirected
268,Poe_HopFrog_1849,Bird_Calavar,1,undirected
269,Poe_HopFrog_1849,BrownCharlesBrockden_EdgarHuntley,2,undirected
270,Poe_HopFrog_1849,Cooper_LastMohicans_1,9,undirected
271,Poe_HopFrog_1849,Irving_BracebridgeHall1,26,undirected
272,Poe_HopFrog_1849,Irving_SketchBookOfGeoffreyCrayon_1,20,undirected
273,Poe_HopFrog_1849,Melville_MobyDick_2,1,undirected
274,Poe_HopFrog_1849,Quincey_Klosterheim_2,1,undirected
275,Poe_KingPest_1835,BrownCharlesBrockden_EdgarHuntley,1,undirected
276,Poe_KingPest_1835,Cooper_LastMohicans_1,12,undirected
277,Poe_KingPest_1835,Irving_SketchBookOfGeoffreyCrayon_1,21,undirected
278,Poe_KingPest_1835,Poe_FallOfHouseUsher,14,undirected
279,Poe_KingPest_1835,Poe_Ligeia_1838,2,undirected
280,Poe_KingPest_1835,Poe_MaskOfTheRedDeath,4,undirected
281,Poe_KingPest_1835,Poe_Metzengerstein_1832,7,undirected
282,Poe_KingPest_1835,Poe_ShadowAParable_1835,2,undirected
283,Poe_KingPest_1835,Poe_TheManOfTheCrowd_1840,1,undirected
284,Poe_KingPest_1835,Poe_TheSphinx_1846,1,undirected
285,Poe_KingPest_1835,Quincey_Klosterheim_1,1,undirected
286,Poe_KingPest_1835,Quincey_Klosterheim_2,6,undirected
287,Poe_Ligeia_1838,BrownCharlesBrockden_Wieland,1,undirected
288,Poe_Ligeia_1838,HenryWP_AFragment,3,undirected
289,Poe_Ligeia_1838,HenryWP_MonteVideo,2,undirected
290,Poe_Ligeia_1838,HenryWP_Recollections,2,undirected
291,Poe_Ligeia_1838,Irving_SketchBookOfGeoffreyCrayon_1,5,undirected
292,Poe_Ligeia_1838,Poe_Assignation_1834,32,undirected
293,Poe_Ligeia_1838,Poe_Berenice_1835,52,undirected
294,Poe_Ligeia_1838,Poe_CaskOfAmontillado,7,undirected
295,Poe_Ligeia_1838,Poe_FactsOfTheCaseOfMValdemar_1845,2,undirected
296,Poe_Ligeia_1838,Poe_FallOfHouseUsher,57,undirected
297,Poe_Ligeia_1838,Poe_KingPest_1835,2,undirected
298,Poe_Ligeia_1838,Poe_MaskOfTheRedDeath,25,undirected
299,Poe_Ligeia_1838,Poe_Metzengerstein_1832,6,undirected
300,Poe_Ligeia_1838,Poe_Morella_1835,20,undirected
301,Poe_Ligeia_1838,Poe_Raven,27,undirected
302,Poe_Ligeia_1838,Poe_ShadowAParable_1835,21,undirected
303,Poe_Ligeia_1838,Poe_Tamerlane_1829,19,undirected
304,Poe_Ligeia_1838,Poe_TheManOfTheCrowd_1840,7,undirected
305,Poe_Ligeia_1838,Poe_TheOvalPortrait_1842,27,undirected
306,Poe_Ligeia_1838,Poe_TheSphinx_1846,2,undirected
307,Poe_Ligeia_1838,UNKNOWN_ADream_1831,4,undirected
308,Poe_MaskOfTheRedDeath,HenryWP_Recollections,1,undirected
309,Poe_MaskOfTheRedDeath,Poe_Assignation_1834,1,undirected
310,Poe_MaskOfTheRedDeath,Poe_FallOfHouseUsher,20,undirected
311,Poe_MaskOfTheRedDeath,Poe_KingPest_1835,4,undirected
312,Poe_MaskOfTheRedDeath,Poe_Ligeia_1838,25,undirected
313,Poe_MaskOfTheRedDeath,Poe_Metzengerstein_1832,3,undirected
314,Poe_MaskOfTheRedDeath,Poe_Raven,1,undirected
315,Poe_MaskOfTheRedDeath,Poe_ShadowAParable_1835,8,undirected
316,Poe_MaskOfTheRedDeath,Poe_TheManOfTheCrowd_1840,1,undirected
317,Poe_MaskOfTheRedDeath,Poe_TheOvalPortrait_1842,1,undirected
318,Poe_MaskOfTheRedDeath,Quincey_Klosterheim_1,2,undirected
319,Poe_MaskOfTheRedDeath,Quincey_Klosterheim_2,4,undirected
320,Poe_MaskOfTheRedDeath,UNKNOWN_ADream_1831,19,undirected
321,Poe_Metzengerstein_1832,Cooper_LastMohicans_1,9,undirected
322,Poe_Metzengerstein_1832,Irving_SketchBookOfGeoffreyCrayon_1,7,undirected
323,Poe_Metzengerstein_1832,Poe_Berenice_1835,6,undirected
324,Poe_Metzengerstein_1832,Poe_FallOfHouseUsher,29,undirected
325,Poe_Metzengerstein_1832,Poe_KingPest_1835,7,undirected
326,Poe_Metzengerstein_1832,Poe_Ligeia_1838,6,undirected
327,Poe_Metzengerstein_1832,Poe_MaskOfTheRedDeath,3,undirected
328,Poe_Metzengerstein_1832,Poe_Raven,1,undirected
329,Poe_Metzengerstein_1832,Poe_ShadowAParable_1835,3,undirected
330,Poe_Morella_1835,Poe_Assignation_1834,3,undirected
331,Poe_Morella_1835,Poe_Berenice_1835,36,undirected
332,Poe_Morella_1835,Poe_FallOfHouseUsher,7,undirected
333,Poe_Morella_1835,Poe_Ligeia_1838,20,undirected
334,Poe_Morella_1835,Poe_Raven,1,undirected
335,Poe_Morella_1835,Poe_Tamerlane_1829,5,undirected
336,Poe_Raven,HenryWP_AFragment,3,undirected
337,Poe_Raven,Poe_Berenice_1835,12,undirected
338,Poe_Raven,Poe_CaskOfAmontillado,2,undirected
339,Poe_Raven,Poe_FallOfHouseUsher,13,undirected
340,Poe_Raven,Poe_Ligeia_1838,27,undirected
341,Poe_Raven,Poe_MaskOfTheRedDeath,1,undirected
342,Poe_Raven,Poe_Metzengerstein_1832,1,undirected
343,Poe_Raven,Poe_Morella_1835,1,undirected
344,Poe_Raven,Poe_TheOvalPortrait_1842,2,undirected
345,Poe_Raven,UNKNOWN_ADream_1831,1,undirected
346,Poe_ShadowAParable_1835,Poe_Berenice_1835,19,undirected
347,Poe_ShadowAParable_1835,Poe_FallOfHouseUsher,5,undirected
348,Poe_ShadowAParable_1835,Poe_KingPest_1835,2,undirected
349,Poe_ShadowAParable_1835,Poe_Ligeia_1838,21,undirected
350,Poe_ShadowAParable_1835,Poe_MaskOfTheRedDeath,8,undirected
351,Poe_ShadowAParable_1835,Poe_Metzengerstein_1832,3,undirected
352,Poe_ShadowAParable_1835,Poe_TheOvalPortrait_1842,2,undirected
353,Poe_Tamerlane_1829,Poe_Assignation_1834,25,undirected
354,Poe_Tamerlane_1829,Poe_Berenice_1835,10,undirected
355,Poe_Tamerlane_1829,Poe_Ligeia_1838,19,undirected
356,Poe_Tamerlane_1829,Poe_Morella_1835,5,undirected
357,Poe_Tamerlane_1829,Scott_ChroniclesOftheCanongate1,1,undirected
358,Poe_TheManOfTheCrowd_1840,Irving_BracebridgeHall1,1,undirected
359,Poe_TheManOfTheCrowd_1840,Irving_SketchBookOfGeoffreyCrayon_1,17,undirected
360,Poe_TheManOfTheCrowd_1840,Poe_FallOfHouseUsher,30,undirected
361,Poe_TheManOfTheCrowd_1840,Poe_KingPest_1835,1,undirected
362,Poe_TheManOfTheCrowd_1840,Poe_Ligeia_1838,7,undirected
363,Poe_TheManOfTheCrowd_1840,Poe_MaskOfTheRedDeath,1,undirected
364,Poe_TheManOfTheCrowd_1840,Poe_TheSphinx_1846,5,undirected
365,Poe_TheManOfTheCrowd_1840,Quincey_Klosterheim_2,4,undirected
366,Poe_TheOvalPortrait_1842,Poe_Assignation_1834,1,undirected
367,Poe_TheOvalPortrait_1842,Poe_Berenice_1835,8,undirected
368,Poe_TheOvalPortrait_1842,Poe_FallOfHouseUsher,23,undirected
369,Poe_TheOvalPortrait_1842,Poe_Ligeia_1838,27,undirected
370,Poe_TheOvalPortrait_1842,Poe_MaskOfTheRedDeath,1,undirected
371,Poe_TheOvalPortrait_1842,Poe_Raven,2,undirected
372,Poe_TheOvalPortrait_1842,Poe_ShadowAParable_1835,2,undirected
373,Poe_TheSphinx_1846,BrownCharlesBrockden_EdgarHuntley,12,undirected
374,Poe_TheSphinx_1846,Poe_Berenice_1835,5,undirected
375,Poe_TheSphinx_1846,Poe_FactsOfTheCaseOfMValdemar_1845,4,undirected
376,Poe_TheSphinx_1846,Poe_FallOfHouseUsher,30,undirected
377,Poe_TheSphinx_1846,Poe_KingPest_1835,1,undirected
378,Poe_TheSphinx_1846,Poe_Ligeia_1838,2,undirected
379,Poe_TheSphinx_1846,Poe_TheManOfTheCrowd_1840,5,undirected
380,Poe_TheSphinx_1846,Quincey_Klosterheim_1,1,undirected
381,Quincey_Klosterheim_1,BrownCharlesBrockden_EdgarHuntley,16,undirected
382,Quincey_Klosterheim_1,HenryWP_Recollections,3,undirected
383,Quincey_Klosterheim_1,Irving_BracebridgeHall1,14,undirected
384,Quincey_Klosterheim_1,Poe_FactsOfTheCaseOfMValdemar_1845,6,undirected
385,Quincey_Klosterheim_1,Poe_KingPest_1835,1,undirected
386,Quincey_Klosterheim_1,Poe_MaskOfTheRedDeath,2,undirected
387,Quincey_Klosterheim_1,Poe_TheSphinx_1846,1,undirected
388,Quincey_Klosterheim_1,Quincey_Klosterheim_2,60,undirected
389,Quincey_Klosterheim_1,Scott_TheAbbot1,2,undirected
390,Quincey_Klosterheim_2,BrownCharlesBrockden_EdgarHuntley,30,undirected
391,Quincey_Klosterheim_2,Cooper_LastMohicans_1,1,undirected
392,Quincey_Klosterheim_2,HenryWP_MonteVideo,9,undirected
393,Quincey_Klosterheim_2,HenryWP_Recollections,16,undirected
394,Quincey_Klosterheim_2,HenryWP_ThePirate,2,undirected
395,Quincey_Klosterheim_2,Irving_BracebridgeHall1,13,undirected
396,Quincey_Klosterheim_2,Irving_SketchBookOfGeoffreyCrayon_1,2,undirected
397,Quincey_Klosterheim_2,Poe_FactsOfTheCaseOfMValdemar_1845,4,undirected
398,Quincey_Klosterheim_2,Poe_HopFrog_1849,1,undirected
399,Quincey_Klosterheim_2,Poe_KingPest_1835,6,undirected
400,Quincey_Klosterheim_2,Poe_MaskOfTheRedDeath,4,undirected
401,Quincey_Klosterheim_2,Poe_TheManOfTheCrowd_1840,4,undirected
402,Quincey_Klosterheim_2,Quincey_Klosterheim_1,60,undirected
403,Scott_ChroniclesOftheCanongate1,Bird_Calavar,21,undirected
404,Scott_ChroniclesOftheCanongate1,Bird_SheppardLee1,2,undirected
405,Scott_ChroniclesOftheCanongate1,Cooper_TheBravo1,16,undirected
406,Scott_ChroniclesOftheCanongate1,Irving_BracebridgeHall1,1,undirected
407,Scott_ChroniclesOftheCanongate1,Poe_Tamerlane_1829,1,undirected
408,Scott_ChroniclesOftheCanongate1,Scott_TheAbbot1,50,undirected
409,Scott_ChroniclesOftheCanongate1,Scott_Woodstock1,60,undirected
410,Scott_TheAbbot1,Bird_Calavar,33,undirected
411,Scott_TheAbbot1,BrownCharlesBrockden_EdgarHuntley,9,undirected
412,Scott_TheAbbot1,BrownCharlesBrockden_Wieland,19,undirected
413,Scott_TheAbbot1,Cooper_LastMohicans_1,18,undirected
414,Scott_TheAbbot1,Cooper_TheBravo1,13,undirected
415,Scott_TheAbbot1,Edgeworth_Helen,2,undirected
416,Scott_TheAbbot1,Irving_BracebridgeHall1,12,undirected
417,Scott_TheAbbot1,Irving_SketchBookOfGeoffreyCrayon_1,1,undirected
418,Scott_TheAbbot1,Quincey_Klosterheim_1,2,undirected
419,Scott_TheAbbot1,Scott_ChroniclesOftheCanongate1,50,undirected
420,Scott_TheAbbot1,Scott_Woodstock1,40,undirected
421,Scott_Woodstock1,Bird_Calavar,36,undirected
422,Scott_Woodstock1,Bird_SheppardLee1,2,undirected
423,Scott_Woodstock1,BrownCharlesBrockden_Wieland,1,undirected
424,Scott_Woodstock1,Cooper_TheBravo1,18,undirected
425,Scott_Woodstock1,Irving_BracebridgeHall1,12,undirected
426,Scott_Woodstock1,Scott_ChroniclesOftheCanongate1,60,undirected
427,Scott_Woodstock1,Scott_TheAbbot1,40,undirected
428,UNKNOWN_ADream_1831,Lippard_BelOfPrairieEden,2,undirected
429,UNKNOWN_ADream_1831,Poe_Assignation_1834,1,undirected
430,UNKNOWN_ADream_1831,Poe_Berenice_1835,15,undirected
431,UNKNOWN_ADream_1831,Poe_FallOfHouseUsher,19,undirected
432,UNKNOWN_ADream_1831,Poe_Ligeia_1838,4,undirected
433,UNKNOWN_ADream_1831,Poe_MaskOfTheRedDeath,19,undirected
434,UNKNOWN_ADream_1831,Poe_Raven,1,undirected
